{"hill_estimator_list": [0.3469563144084594, 0.35333176319665716, 0.3616886778085937, 0.30564764741319866, 0.3450026113110119, 0.3520688181775699, 0.3624435640427893, 0.34624708185910275, 0.34906407867776706, 0.38057570980422156, 0.35353641053127943, 0.3365004491467341, 0.34341655145243133, 0.344977649556286, 0.3509169526171166, 0.3578665793755231, 0.3762086529772897, 0.3473416469402227, 0.353639324065547, 0.3371078707151574, 0.3721512932945687, 0.33558878544073145, 0.3522380974313495, 0.36242935824862976, 0.3519421663371584, 0.33155563065182975, 0.3849205994528777, 0.3606556292190596, 0.3363252452330815, 0.3509138531908706, 0.3635810798094764, 0.38423075010597924, 0.35418814686276534, 0.33578846974886406, 0.34395420912904806, 0.38357281350933364, 0.35635525815368185, 0.35654446362797626, 0.3829319348673284, 0.36003395222280044, 0.33877656554051766, 0.33657635484589665, 0.33305865971073156, 0.36853287266344215, 0.38338822645291737, 0.3481901394057476, 0.35474774223137573, 0.3632636378865589, 0.3708552833530115, 0.36341408877680154], "de_hann_98_std": [0.007093974219473867, 0.008858137278451202, 0.005150906234485261, 0.011834199112822744, 0.005183173698841104, 0.005764629701468472, 0.005020903126987887, 0.004848777081868204, 0.0047960500938271765, 0.004076482401718677, 0.00587163394002945, 0.007378913726947659, 0.00719159649372885, 0.005441423534581974, 0.0042062688255308555, 0.005485953743515442, 0.0029981483015394227, 0.005522870008696825, 0.005656792812993208, 0.012459090589427348, 0.004418423135486283, 0.009084774183773285, 0.005590018659812784, 0.004189571040807852, 0.0052695385487205705, 0.00610441421815932, 0.0026956909661327733, 0.00614628760084459, 0.005038115654815657, 0.004812195471959736, 0.004585139168185987, 0.003146307454536379, 0.00509870190371136, 0.007209327170842147, 0.005470189573275308, 0.00425068894256157, 0.006080714454844693, 0.007049563046751477, 0.003942076074061794, 0.005235340767481973, 0.006416921043663421, 0.011614595212082855, 0.007041529771192802, 0.004756476954837266, 0.004148576741559607, 0.0053517971870986865, 0.005226525764007696, 0.004785641539640351, 0.004203003609611919, 0.004459353546213248], "kulik_std": [0.01841910896202309, 0.014833960186668493, 0.01399502580860476, 0.015509257648931074, 0.014389608995751119, 0.0120200365504059, 0.016346132935765062, 0.015427909681288932, 0.01785280889861851, 0.017937616818352126, 0.019336130754727843, 0.011588750569083928, 0.017659574434775088, 0.015192192479204863, 0.01899497917507681, 0.013963390720332813, 0.017043564367876685, 0.020176812824446277, 0.016773811210822637, 0.016423950542600735, 0.021183607953658395, 0.01949940859357399, 0.019709489316050238, 0.012935339715985955, 0.013828097852837534, 0.015841094671391748, 0.02492639634381194, 0.01259606883788461, 0.022010458989076165, 0.01898738004709366, 0.015744956531975163, 0.01797790903257121, 0.019636769910069796, 0.018376961404569292, 0.016190444300022783, 0.01724663873742377, 0.01932568073784613, 0.014887118538942035, 0.02045096249763706, 0.016541901103925505, 0.018291554961629902, 0.021544344313179892, 0.021206089628212244, 0.016766978782586678, 0.01957127461356875, 0.02116522786372277, 0.018618070837099515, 0.013721285280369061, 0.018332245089379, 0.021418961565342814], "hill_estimator_mean": 0.35450487322962737, "hill_estimator_std": 0.016150097322973164}