{"monte_carlo_std": [0.17040536319940153, 0.1356088876434223, 0.13941118439611205, 0.07251808499704013, 0.07585650652045087, 0.03245120023369944, 0.027867580415378804, 0.025470825604070133, 0.0274743926451531, 0.022781926498960207, 0.02253549145870631, 0.03733592818281337, 0.019662357665357653, 0.018247828550925407, 0.02141015350963602, 0.019378721874718233, 0.017833721273482196, 0.02430653386619429, 0.021991516126260865], "de_hann_98_std": [0.03515855092165612, 0.01969325250117969, 0.033289169938080655, 0.021076796215508706, 0.010209178724067243, 0.023524359807049165, 0.009357188502603987, 0.0065055550205894855, 0.008594919759423126, 0.008687682002716766, 0.010647661142961362, 0.006699573829836587, 0.0061447947283854365, 0.009541875498983329, 0.004497333895493655, 0.008104951574046925, 0.005973451853467059, 0.007215724209162883, 0.008402173722323304], "kulik_std": [0.12675545262667787, 0.06286943866969885, 0.09966782499382267, 0.04617884899616423, 0.053899444289680326, 0.052422509495683806, 0.042787114459002185, 0.036184429059652634, 0.03361785816398716, 0.03218494887290699, 0.0416671637426394, 0.028621239639325335, 0.02383901877481423, 0.03244425655612762, 0.035875638804401866, 0.028800496752603877, 0.038752894162171064, 0.021377440776049472, 0.025412670950483218]}