{"hill_estimator_list": [0.34218232695258105, 0.35755270113469395, 0.3477769920024165, 0.3776731893668533, 0.350661861487885], "de_hann_98_std": [0.0043730191968866525, 0.005303177440294044, 0.00375419028394976, 0.0018838443476344392, 0.004578022667487227], "kulik_std": [0.01932357771363885, 0.02767087776534799, 0.03246555122204914, 0.022772740233165834, 0.022452474507207304], "hill_estimator_mean": 0.3551694141888859, "hill_estimator_std": 0.012294147599124212}