{"hill_estimator_list": [0.36826749788585955, 0.3369381241901287, 0.37901336818678427, 0.33343282915197303, 0.35226318873820067, 0.3379433820109432, 0.38137011997202347, 0.36421046505038646, 0.3846735361046433, 0.35861129091973815, 0.3606898073226186, 0.339740576593147, 0.3348593949103351, 0.34681131941843024, 0.33142600688174506, 0.35620269406171495, 0.36557617212492893, 0.3508417478850579, 0.36022305257482073, 0.3417691166448803, 0.3494445547097431, 0.38223885503014904, 0.32754896118648463, 0.3412904762676539, 0.34535238295615395, 0.3839041471712305, 0.34703242416314983, 0.37783007798136764, 0.3522127095430906, 0.34474352320568663, 0.3487795125308427, 0.3594519916554121, 0.3851443778905549, 0.33089713124478326, 0.3475873713809261, 0.3791740931896898, 0.3443707205379593, 0.35168456528791964, 0.36439832375702563, 0.36840166763265564, 0.38192149528043184, 0.3468080452383373, 0.34660347101076183, 0.3583987356381928, 0.3382674936884988, 0.38305683590652273, 0.38790327046430306, 0.3440082270963156, 0.37340760286394875, 0.3646380546269834], "de_hann_98_std": [0.003856330344710046, 0.008597051134879068, 0.004066976488306421, 0.010938006543813177, 0.0065239875241413755, 0.00797044357886028, 0.003980375383393023, 0.00416895862782334, 0.0038168133199376914, 0.0043185349141658695, 0.004681996072774912, 0.007128889489205589, 0.009007556790247107, 0.004239721386816823, 0.009971742076270588, 0.004540389212684172, 0.005124822114665201, 0.004542843031263188, 0.004324550013356445, 0.006875695316788883, 0.006222056802945238, 0.0036977657688612576, 0.006164102461783181, 0.0044327376015310845, 0.006463684057080145, 0.0030278081346086227, 0.006504854372959395, 0.0030400509730168705, 0.005853093989143793, 0.0070637060963257385, 0.004287833458014953, 0.0041218994394829215, 0.002925721547312196, 0.010667193149706428, 0.005437800781842596, 0.003259236996632893, 0.007951214002727405, 0.004966446928725485, 0.004487766534510897, 0.0062541163147668945, 0.003052441180939099, 0.0063578116696456684, 0.004905850758401701, 0.00505026455465262, 0.009869733729280215, 0.0024511704757409856, 0.0033311595048395645, 0.0048367245361823465, 0.003866343182216243, 0.005475771029618759], "kulik_std": [0.0156764575749761, 0.014911672473628734, 0.015708124531115614, 0.01950263606322475, 0.018799233333431226, 0.013954170026605456, 0.01667052138796693, 0.016935593785749187, 0.014457065076757536, 0.02009444231804805, 0.018816144575224708, 0.01772501193984438, 0.016729567991138783, 0.017985451076599518, 0.01745058661723406, 0.01678556856055402, 0.017133884888448442, 0.0200014111955355, 0.01706157461428101, 0.017535508981304765, 0.015219277631181027, 0.0186076450718759, 0.016533621648781555, 0.016965958335402292, 0.015305250605325643, 0.01908895286572046, 0.017052903685516624, 0.016477455331416924, 0.01506559593140891, 0.020197344863655736, 0.012723081542902248, 0.018436963384884764, 0.01806152224189736, 0.022905174414935142, 0.016144733231803876, 0.016028734276705064, 0.01966216852632857, 0.01844646938701902, 0.0124257097045459, 0.01736450423925595, 0.016404808804857396, 0.015507168782427305, 0.01777217660710953, 0.016888871806264916, 0.022396537108785114, 0.017727172200575708, 0.014978906886431692, 0.018114388908221146, 0.023168527355425073, 0.018059546300371543], "hill_estimator_mean": 0.3568272957953027, "hill_estimator_std": 0.017012959721849737}