{"monte_carlo_std": [2.22377090570278, 4.399113997386714, 0.2256694800080187, 1.1737497484602877, 1.496426216761962, 4.137099126069677, 1.5671134955891393, 10.66635079413199, 2.034553556957338, 1.3625350141258847, 2.20231884576945, 0.7797396018299334, 4.555076520349015, 4.452025541165761, 3.3180459568765728, 1.2961418825217152, 1.4760715733768486, 4.850355497373087, 5.66674726352458, 3.037981224510974, 5.799305901362884, 1.2207105318734346, 4.163364752176074, 4.6806845326575335, 1.8651674895612464, 3.1928821353817054, 4.043223693293321, 3.3078276235987594, 0.7214431095542584, 2.5081418478251067, 5.843798589888199, 4.650098724770548, 3.946249238266957, 7.598956705047295, 3.4244352326618013, 2.3177486272697956, 4.715044540530883, 7.585176047456561], "de_hann_98_std": [0.3434508372893465, 0.47417655097617173, 0.14407654868920883, 0.08143255568760907, 0.2512362869004483, 0.09675078468121198, 0.02920281795453795, 0.41788337421270627, 0.3745257016151993, 0.3766044291682467, 0.25991692321151716, 0.13228172085496925, 0.30996836004757805, 0.16633357356595693, 0.251440951919542, 0.15450725254427147, 0.23069966693640437, 0.15656946457177748, 0.27988331335802125, 0.07385021819122542, 0.3565982509413628, 0.34930346253521244, 0.09998856102365884, 0.17450616218408238, 0.5008298019001518, 0.31363369319539786, 0.3084982629616035, 0.05489229872827781, 0.10705223448229115, 0.23848539689473192, 0.25126723374403054, 0.1758690093003752, 0.13267485514290606, 0.13153954885480168, 0.363404347453822, 0.2213036943522109, 0.16716241387778352, 0.23243922157319313], "kulik_std": [0.6540109462777326, 2.8480692795882763, 0.8113897098382958, 1.5143706900774312, 2.264068167329675, 3.7063963030942597, 0.38205936555629394, 1.227556316345265, 2.92382646895709, 1.6794545158049372, 0.33078114677927695, 1.8248068088983418, 0.3614388079286299, 1.3316756499833533, 1.3810574288670074, 0.7027907145362291, 1.4836026821111155, 1.3084672650672644, 0.5195505050375787, 2.2939128713445176, 1.953843080330992, 1.735401501025776, 1.9465248254769927, 2.899117397568057, 0.323492240380326, 1.3692040139659698, 1.111484551846346, 2.406731447556265, 1.5384014112742441, 0.6353462474276435, 1.408229946880583, 1.4489990757015163, 0.4487992781588537, 0.6677190649461492, 0.8154975054162826, 0.829289616661544, 0.6552776771371499, 2.680897796223794]}