{"monte_carlo_std": [1.988198498597436, 1.9750820990221405, 1.3766692343036162, 3.8960663657258645, 3.334905467512052, 3.0401774258844068, 3.495363899132597, 3.690902149897219, 3.966434715953241], "de_hann_98_std": [[0.03993809506467755, 0.01085020427078897, 0.03309415428699494, 0.006604968308211156, 0.0], [0.01241226394312453, 0.052824691294948746, 0.30618570590084254, 0.13666160267252214, 0.05850011244358323], [0.06660993921593435, 0.06810361365134861, 0.06282627710645236, 0.14981532096645395, 0.028225616609105924], [0.024386252331228642, 0.012145719324169427, 0.1390779963601414, 0.08218229062483759, 0.025800383967640488], [0.0599897421982244, 0.07046966646256878, 0.03369603067142162, 0.0, 0.021485492885583414], [0.17982759711923665, 0.08112197964510283, 0.023145904377447478, 0.04317187791668694, 0.05726383768559273], [0.052622639078742185, 0.12372454580752419, 0.1517300962345176, 0.07866296039909317, 0.013145264001634247], [0.12152829725727694, 0.02680984493652011, 0.0547827899521465, 0.16635550992833906, 0.16024313162018058], [0.07694666276083782, 0.02437885125648271, 0.06888569280155905, 0.01823246092727871, 0.1850274970922288]], "kulik_std": [[0.15966731536250556, 0.01554576161619499, 1.4364923993776966, 1.4488723907343786, 0.0], [2.0857956892539615, 0.17652856063057057, 0.3077710364063386, 2.3138206647230986, 0.041073544065647005], [0.2853146731375897, 0.019649421873316347, 0.3253171192257799, 1.423104692675773, 0.9671624897489584], [0.019110984345758877, 1.6970261301090057, 0.29553390853755257, 3.115927692713639, 0.05857208832407053], [0.7692525862565474, 0.3712782721988219, 1.960251875657972, 0.0, 0.447506709130768], [0.32861774272698957, 1.6865898047565822, 0.14422855960193404, 0.336326546070221, 1.3712879794716557], [0.35087719414827934, 0.1516090685813163, 1.6816354178259347, 0.1608765978456377, 2.5730839495261058], [0.2835491996191715, 0.17902022648510832, 0.27873743880905477, 0.24153336502048994, 0.3163602531009598], [0.389222254320421, 0.13539165880884724, 0.6876925425443327, 1.1279330908090126, 0.15016865355002817]]}