{"monte_carlo_std": [2.4552443387891434, 2.97972587104875, 3.155412642625062, 3.286029770547306, 3.511979164292355, 4.1733064220650995, 4.52230915975347, 4.270328117671734, 5.601672480388934], "de_hann_98_std": [0.16392091413882348, 0.05891324104251054, 0.13899324255757925, 0.09584246175862969, 0.12170916449825582, 0.08408851220729745, 0.06988372749060694, 0.08915430416590514, 0.08824224951305287], "kulik_std": [1.8502508493379848, 0.9928334330631328, 2.4466540821847587, 1.7254698211872608, 2.105399588270002, 0.9611948221952865, 1.4089897860622946, 0.7049347674224286, 1.1213780213552897]}