{"monte_carlo_std": [2.2359373686532944, 3.170830253695991, 3.371068801791622, 4.390260137082343, 3.7038077206652753, 3.6825312796864083, 3.811464669963872, 5.22929800711428, 4.07083981014092], "de_hann_98_std": [0.06945054140923372, 0.08485582147802286, 0.14856556139930163, 0.07864272804453606, 0.07472614750753036, 0.056727334988853795, 0.0714294875925161, 0.042680930246604964, 0.1142619894123208], "kulik_std": [1.3187051691414733, 0.8318712103902358, 2.4171709955507947, 2.3720467555018176, 1.9002535039824677, 0.715950073424742, 1.5614732883115419, 0.7570589409109612, 1.4296632659701063]}