{"monte_carlo_std": [0.23228361398127054, 0.010642873095187532, 0.01889815518060123, 0.005005565456850975, 0.010017699847748581, 0.027934175338923638, 0.01864549810509804, 0.030910857203697566, 0.07531617199595438, 0.01723591391166019, 0.0038648764661817765, 0.01435249916555401, 0.02268748733046018, 0.010932963512374811, 0.014714200099095631, 0.02237493251096093, 0.020747306051767236, 0.015289788731357331, 0.013184717739840738], "de_hann_98_std": [0.02166895105853358, 0.038209977715144255, 0.0051096695000158255, 0.018315197682005936, 0.013597055725509021, 0.010593664819910432, 0.0014239277400567348, 0.0007799662740898754, 0.012179439362013147, 0.009913354661475554, 0.005858436602955872, 0.003256685390213122, 0.009546725064901746, 0.008625102084858465, 0.00266480932724488, 0.010838872749108658, 0.0029651306428021976, 0.0024435418492521205, 0.003847076467983179], "kulik_std": [0.04516877066058288, 0.14118253732238448, 0.055650753251007656, 0.07176294530147928, 0.04069114227857151, 0.018867324115755257, 0.005197075959868569, 0.0373897628285339, 0.025423058456670394, 0.031120390036971896, 0.01994358960113979, 0.04326386166056981, 0.007785657364594051, 0.009475475474610473, 0.020464203710840095, 0.019558814497950494, 0.05112790701132705, 0.020672515756602033, 0.03322039748824154]}